-- seed-mock.sql  ─ Demo data for wwt-ops-hub local dev / staging
-- Scenario: "First National Bank" multi-region LAN refresh
-- Load with:  psql "$DATABASE_URL" -f scripts/seed-mock.sql
--
-- Safe to re-run: all INSERTs use ON CONFLICT DO NOTHING.

-- ── UUIDs ────────────────────────────────────────────────────────────────────
-- Projects
DO $$ BEGIN
  -- keep them readable in the UI
END $$;

-- ── PROJECTS ─────────────────────────────────────────────────────────────────
INSERT INTO projects (id, name, client, color, is_active, fn_project_id, created_at, updated_at) VALUES
  ('11111111-0000-0000-0000-000000000001', 'LAN Refresh — Eastern', 'First National Bank', '#3B82F6', true, 'FNP-1001', '2026-01-01T00:00:00Z', '2026-06-01T00:00:00Z'),
  ('11111111-0000-0000-0000-000000000002', 'LAN Refresh — Central', 'First National Bank', '#F59E0B', true, 'FNP-1002', '2026-01-15T00:00:00Z', '2026-06-05T00:00:00Z'),
  ('11111111-0000-0000-0000-000000000003', 'LAN Refresh — Western', 'First National Bank', '#10B981', true, 'FNP-1003', '2026-02-01T00:00:00Z', '2026-06-10T00:00:00Z')
ON CONFLICT (id) DO NOTHING;

-- ── USERS ────────────────────────────────────────────────────────────────────
-- Passwords are bcrypt hashes of 'Password1!' — change before real use.
INSERT INTO users (id, email, full_name, role, is_active, password_hash, created_at, updated_at) VALUES
  ('55555555-0000-0000-0000-000000000001', 'admin@wwt.com',  'Alex Mitchell', 'admin',  true, '$2b$10$eW5GJ9X1QRZ1YkZ1YkZ1YuYkZ1YkZ1YkZ1YkZ1YkZ1YkZ1YkZ1Y2', '2026-01-01T00:00:00Z', '2026-01-01T00:00:00Z'),
  ('55555555-0000-0000-0000-000000000002', 'pm@wwt.com',     'Jordan Pierce', 'pm',     true, '$2b$10$eW5GJ9X1QRZ1YkZ1YkZ1YuYkZ1YkZ1YkZ1YkZ1YkZ1YkZ1YkZ1Y2', '2026-01-01T00:00:00Z', '2026-01-01T00:00:00Z'),
  ('55555555-0000-0000-0000-000000000003', 'viewer@wwt.com', 'Casey Hammond', 'viewer', true, '$2b$10$eW5GJ9X1QRZ1YkZ1YkZ1YuYkZ1YkZ1YkZ1YkZ1YkZ1YkZ1YkZ1Y2', '2026-01-01T00:00:00Z', '2026-01-01T00:00:00Z')
ON CONFLICT (id) DO NOTHING;

-- ── TECHNICIANS ──────────────────────────────────────────────────────────────
INSERT INTO technicians (id, full_name, email, phone, fn_provider_id, region, states, city, fn_rating, fn_our_rating, fn_wo_completed, fn_wo_cancelled, fn_total_earned, fn_wo_types, fn_last_wo_date, fn_current_jobs, is_active, notes) VALUES
  ('22222222-0000-0000-0000-000000000001', 'Andy Ivor',    'andy.ivor@gmail.com',     '215-555-0101', 'FN-10001', '1 - Eastern', ARRAY['PA','NJ','DE'],     'Philadelphia', 4.8, 4.9, 83, 2, 46076, ARRAY['LVT','INT'], '2026-05-15', 1, true,  null),
  ('22222222-0000-0000-0000-000000000002', 'Fadi Bridi',   'fadi.bridi@gmail.com',    '202-555-0102', 'FN-10002', '1 - Eastern', ARRAY['MD','VA','DC'],     'Washington',   4.7, 4.7, 77, 3, 45454, ARRAY['LVT'],       '2026-05-12', 0, true,  null),
  ('22222222-0000-0000-0000-000000000003', 'Robert Tieman','r.tieman@wwt.com',         '602-555-0103', 'FN-10003', '1 - Eastern', ARRAY['MD','PA','VA'],     'Baltimore',    4.6, 4.5, 65, 4, 38200, ARRAY['LVT','LVL'], '2026-05-10', 1, true,  'WWT FTE'),
  ('22222222-0000-0000-0000-000000000004', 'Ronald Thayer','r.thayer@gmail.com',       '703-555-0109', 'FN-10009', '1 - Eastern', ARRAY['VA','MD','DC'],     'Ashburn',      4.9, 4.8, 69, 1, 40996, ARRAY['LVT'],       '2026-05-22', 0, true,  null),
  ('22222222-0000-0000-0000-000000000005', 'Margo Maassen','mmmaassen5@gmail.com',     '260-555-0111', 'FN-10011', '2 - Central', ARRAY['IN','OH','MI'],     'Fort Wayne',   4.6, 4.7, 54, 2, 31200, ARRAY['LVT','INT'], '2026-05-25', 2, true,  null),
  ('22222222-0000-0000-0000-000000000006', 'Steven Rippon','slripp@gmail.com',          '864-555-0108', 'FN-10008', '2 - Central', ARRAY['NC','SC'],          'Charlotte',    4.4, 4.5, 48, 2, 29400, ARRAY['LVT','LVL'], '2026-05-11', 0, true,  null),
  ('22222222-0000-0000-0000-000000000007', 'Habib Lawal',  'habib.lawal@gmail.com',   '973-555-0104', 'FN-10004', '2 - Central', ARRAY['NJ','PA','NY'],     'Philadelphia', 4.6, 4.6, 63, 0, 37359, ARRAY['LVT'],       '2026-05-18', 1, true,  null),
  ('22222222-0000-0000-0000-000000000008', 'Akeem Operu',  'akeem.operu@gmail.com',   '617-555-0106', 'FN-10006', '3 - Western', ARRAY['MA','NH','RI'],     'Boston',       4.7, 4.7, 71, 1, 40100, ARRAY['LVT'],       '2026-05-20', 0, true,  null),
  ('22222222-0000-0000-0000-000000000009', 'Nelson Idahor','nelson.idahor@gmail.com',  '718-555-0105', 'FN-10005', '3 - Western', ARRAY['NY','NJ','CT'],     'New York',     4.5, 4.5, 64, 3, 36800, ARRAY['INT','LVT'], '2026-05-14', 1, true,  null),
  ('22222222-0000-0000-0000-000000000010', 'John Arende',  'john.arende@gmail.com',   '215-555-0107', 'FN-10007', '3 - Western', ARRAY['PA','NJ'],          'Philadelphia', 4.5, 4.4, 64, 1, 37595, ARRAY['INT'],       '2026-05-08', 0, true,  null),
  ('22222222-0000-0000-0000-000000000011', 'Roy Hill',     'roy@hills.com',            '269-555-0113', 'FN-10013', '2 - Central', ARRAY['MI'],               'Lansing',      4.5, 4.5, 40, 2, 26500, ARRAY['LVT','LVL'], '2026-05-26', 0, true,  null),
  ('22222222-0000-0000-0000-000000000012', 'Banky Sadare', 'bankysadi@gmail.com',      '410-555-0110', 'FN-10010', '1 - Eastern', ARRAY['MD','VA'],          'Baltimore',    4.3, 4.2, 35, 3, 22100, ARRAY['LVT'],       '2026-04-28', 0, false, 'On hold')
ON CONFLICT (id) DO NOTHING;

-- ── ROUTES ───────────────────────────────────────────────────────────────────
INSERT INTO routes (id, project_id, name, region, states, color, week_start, week_end, assigned_tech, notes) VALUES
  ('33333333-0000-0000-0000-000000000001', '11111111-0000-0000-0000-000000000001', 'Eastern Wave 1', '1 - Eastern', ARRAY['PA','NJ','DE','MD'], '#3B82F6', '2026-03-02', '2026-03-14', 'Andy Ivor',    null),
  ('33333333-0000-0000-0000-000000000002', '11111111-0000-0000-0000-000000000001', 'Eastern Wave 2', '1 - Eastern', ARRAY['VA','DC','MD'],      '#6366F1', '2026-03-16', '2026-03-28', 'Ronald Thayer',null),
  ('33333333-0000-0000-0000-000000000003', '11111111-0000-0000-0000-000000000002', 'Central Wave 1', '2 - Central', ARRAY['IN','OH','MI'],      '#F59E0B', '2026-04-06', '2026-04-18', 'Margo Maassen',null),
  ('33333333-0000-0000-0000-000000000004', '11111111-0000-0000-0000-000000000003', 'Western Wave 1', '3 - Western', ARRAY['MA','NY','CT','NJ'], '#10B981', '2026-05-04', '2026-05-16', 'Akeem Operu',  null)
ON CONFLICT (id) DO NOTHING;

-- ── SITES (25 rows) ───────────────────────────────────────────────────────────
INSERT INTO sites (id, project_id, code, branch_name, address, city, state, zip, time_zone, status, fst_owner, lead_technician, onsite_tech, onsite_phone, onsite_email, scheduled_start, scheduled_end, due_date_assign, target_quarter, lvv_in_scope, fn_wo_id, fn_wo_url, route_id, flag_late_assign, flag_date_risk, is_active, created_at, updated_at) VALUES
  -- Project 1 — Eastern
  ('44444444-0000-0000-0000-000000000001','11111111-0000-0000-0000-000000000001','FNB-PA01','Center City Philadelphia','1500 Market St',          'Philadelphia',   'PA','19102','1 - Eastern','completed',          'J. Pierce','Andy Ivor',    'Andy Ivor',    '+12155550101','andy.ivor@gmail.com',   '2026-03-03','2026-03-05','2026-02-17','1H2026','True', 'WO-90001',null,'33333333-0000-0000-0000-000000000001',false,false,true,'2026-01-10T00:00:00Z','2026-03-05T00:00:00Z'),
  ('44444444-0000-0000-0000-000000000002','11111111-0000-0000-0000-000000000001','FNB-PA02','King of Prussia',          '690 W DeKalb Pike',      'King of Prussia','PA','19406','1 - Eastern','completed',          'J. Pierce','Andy Ivor',    'Andy Ivor',    '+12155550101','andy.ivor@gmail.com',   '2026-03-06','2026-03-07','2026-02-20','1H2026','True', 'WO-90002',null,'33333333-0000-0000-0000-000000000001',false,false,true,'2026-01-10T00:00:00Z','2026-03-07T00:00:00Z'),
  ('44444444-0000-0000-0000-000000000003','11111111-0000-0000-0000-000000000001','FNB-NJ01','Cherry Hill',              '2100 Route 38',          'Cherry Hill',    'NJ','08002','1 - Eastern','completed',          'J. Pierce','Habib Lawal',  'Habib Lawal',  '+19735550104','habib.lawal@gmail.com',  '2026-03-10','2026-03-11','2026-02-24','1H2026','True', 'WO-90003',null,'33333333-0000-0000-0000-000000000001',false,false,true,'2026-01-10T00:00:00Z','2026-03-11T00:00:00Z'),
  ('44444444-0000-0000-0000-000000000004','11111111-0000-0000-0000-000000000001','FNB-DE01','Wilmington Downtown',      '910 Market St',          'Wilmington',     'DE','19801','1 - Eastern','in_progress',        'J. Pierce','Fadi Bridi',   'Fadi Bridi',   '+12025550102','fadi.bridi@gmail.com',   '2026-06-16','2026-06-17','2026-05-30','2H2026','True', 'WO-90004',null,'33333333-0000-0000-0000-000000000002',false,false,true,'2026-01-10T00:00:00Z','2026-06-16T00:00:00Z'),
  ('44444444-0000-0000-0000-000000000005','11111111-0000-0000-0000-000000000001','FNB-MD01','Baltimore Inner Harbor',   '201 E Pratt St',         'Baltimore',      'MD','21202','1 - Eastern','staffed',            'J. Pierce','Robert Tieman','Robert Tieman','+16025550103','r.tieman@wwt.com',       '2026-06-23','2026-06-24','2026-06-06','2H2026','True', null,      null,'33333333-0000-0000-0000-000000000002',false,false,true,'2026-01-10T00:00:00Z','2026-06-10T00:00:00Z'),
  ('44444444-0000-0000-0000-000000000006','11111111-0000-0000-0000-000000000001','FNB-VA01','Arlington Clarendon',      '2800 Clarendon Blvd',    'Arlington',      'VA','22201','1 - Eastern','staffed',            'J. Pierce','Ronald Thayer','Ronald Thayer','+17035550109','r.thayer@gmail.com',     '2026-06-30','2026-07-01','2026-06-13','2H2026','True', null,      null,'33333333-0000-0000-0000-000000000002',false,false,true,'2026-01-10T00:00:00Z','2026-06-12T00:00:00Z'),
  ('44444444-0000-0000-0000-000000000007','11111111-0000-0000-0000-000000000001','FNB-VA02','McLean Tysons',            '8075 Leesburg Pike',     'Vienna',         'VA','22182','1 - Eastern','scheduled',          'J. Pierce',null,           null,           null,         null,                     '2026-07-07','2026-07-08','2026-06-20','2H2026','True', null,      null,'33333333-0000-0000-0000-000000000002',false,false,true,'2026-01-10T00:00:00Z','2026-06-01T00:00:00Z'),
  ('44444444-0000-0000-0000-000000000008','11111111-0000-0000-0000-000000000001','FNB-NC01','Charlotte Uptown',         '200 S Tryon St',         'Charlotte',      'NC','28202','1 - Eastern','flagged_date_change', 'J. Pierce','Steven Rippon','Steven Rippon','+18645550108','slripp@gmail.com',       '2026-07-14','2026-07-15','2026-06-27','2H2026','True', null,      null, null,                                  false,true, true,'2026-01-10T00:00:00Z','2026-06-14T00:00:00Z'),

  -- Project 2 — Central
  ('44444444-0000-0000-0000-000000000009','11111111-0000-0000-0000-000000000002','FNB-OH01','Columbus Downtown',        '100 E Broad St',         'Columbus',       'OH','43215','2 - Central','completed',          'A. Mitchell','Margo Maassen','Margo Maassen','+12605550111','mmmaassen5@gmail.com',  '2026-04-07','2026-04-08','2026-03-21','1H2026','True', 'WO-90010',null,'33333333-0000-0000-0000-000000000003',false,false,true,'2026-01-15T00:00:00Z','2026-04-08T00:00:00Z'),
  ('44444444-0000-0000-0000-000000000010','11111111-0000-0000-0000-000000000002','FNB-OH02','Cleveland Lakeside',       '1801 E 9th St',          'Cleveland',      'OH','44114','2 - Central','completed',          'A. Mitchell','Margo Maassen','Margo Maassen','+12605550111','mmmaassen5@gmail.com',  '2026-04-09','2026-04-10','2026-03-24','1H2026','True', 'WO-90011',null,'33333333-0000-0000-0000-000000000003',false,false,true,'2026-01-15T00:00:00Z','2026-04-10T00:00:00Z'),
  ('44444444-0000-0000-0000-000000000011','11111111-0000-0000-0000-000000000002','FNB-IN01','Indianapolis Meridian',    '111 Monument Cir',       'Indianapolis',   'IN','46204','2 - Central','in_progress',        'A. Mitchell','Margo Maassen','Margo Maassen','+12605550111','mmmaassen5@gmail.com',  '2026-06-16','2026-06-17','2026-05-30','2H2026','False','WO-90012',null,'33333333-0000-0000-0000-000000000003',false,false,true,'2026-01-15T00:00:00Z','2026-06-16T00:00:00Z'),
  ('44444444-0000-0000-0000-000000000012','11111111-0000-0000-0000-000000000002','FNB-MI01','Detroit Renaissance Ctr',  '400 Renaissance Ctr',    'Detroit',        'MI','48243','2 - Central','staffed',            'A. Mitchell','Roy Hill',     'Roy Hill',     '+12695550113','roy@hills.com',          '2026-06-23','2026-06-24','2026-06-06','2H2026','True', null,      null,'33333333-0000-0000-0000-000000000003',false,false,true,'2026-01-15T00:00:00Z','2026-06-11T00:00:00Z'),
  ('44444444-0000-0000-0000-000000000013','11111111-0000-0000-0000-000000000002','FNB-MI02','Grand Rapids Downtown',    '150 Ottawa Ave NW',      'Grand Rapids',   'MI','49503','2 - Central','scheduled',          'A. Mitchell',null,           null,           null,         null,                     '2026-07-07','2026-07-08','2026-06-20','2H2026','True', null,      null, null,                                  false,false,true,'2026-01-15T00:00:00Z','2026-06-01T00:00:00Z'),
  ('44444444-0000-0000-0000-000000000014','11111111-0000-0000-0000-000000000002','FNB-NC02','Raleigh North Hills',      '4121 Main at North Hills','Raleigh',        'NC','27609','1 - Eastern','scheduled',          'A. Mitchell',null,           null,           null,         null,                     '2026-07-14','2026-07-15','2026-06-27','2H2026','False',null,      null, null,                                  false,false,true,'2026-01-15T00:00:00Z','2026-06-01T00:00:00Z'),
  ('44444444-0000-0000-0000-000000000015','11111111-0000-0000-0000-000000000002','FNB-SC01','Charleston Market St',     '194 Market St',          'Charleston',     'SC','29401','1 - Eastern','flagged_date_change', 'A. Mitchell','Steven Rippon','Steven Rippon','+18645550108','slripp@gmail.com',       '2026-07-21','2026-07-22','2026-07-04','2H2026','True', null,      null, null,                                  false,true, true,'2026-01-15T00:00:00Z','2026-06-15T00:00:00Z'),

  -- Project 3 — Western
  ('44444444-0000-0000-0000-000000000016','11111111-0000-0000-0000-000000000003','FNB-MA01','Boston Financial District','75 State St',            'Boston',         'MA','02109','1 - Eastern','completed',          'C. Hammond','Akeem Operu',  'Akeem Operu',  '+16175550106','akeem.operu@gmail.com',  '2026-05-05','2026-05-06','2026-04-18','1H2026','True', 'WO-90020',null,'33333333-0000-0000-0000-000000000004',false,false,true,'2026-02-01T00:00:00Z','2026-05-06T00:00:00Z'),
  ('44444444-0000-0000-0000-000000000017','11111111-0000-0000-0000-000000000003','FNB-MA02','Cambridge Harvard Square', '1380 Massachusetts Ave', 'Cambridge',      'MA','02138','1 - Eastern','completed',          'C. Hammond','Akeem Operu',  'Akeem Operu',  '+16175550106','akeem.operu@gmail.com',  '2026-05-07','2026-05-08','2026-04-21','1H2026','True', 'WO-90021',null,'33333333-0000-0000-0000-000000000004',false,false,true,'2026-02-01T00:00:00Z','2026-05-08T00:00:00Z'),
  ('44444444-0000-0000-0000-000000000018','11111111-0000-0000-0000-000000000003','FNB-CT01','Hartford City Center',     '20 Church St',           'Hartford',       'CT','06103','1 - Eastern','completed',          'C. Hammond','Nelson Idahor','Nelson Idahor','+17185550105','nelson.idahor@gmail.com','2026-05-12','2026-05-13','2026-04-25','1H2026','False','WO-90022',null,'33333333-0000-0000-0000-000000000004',false,false,true,'2026-02-01T00:00:00Z','2026-05-13T00:00:00Z'),
  ('44444444-0000-0000-0000-000000000019','11111111-0000-0000-0000-000000000003','FNB-NY01','New York Midtown',         '350 5th Ave',            'New York',       'NY','10118','1 - Eastern','in_progress',        'C. Hammond','Nelson Idahor','Nelson Idahor','+17185550105','nelson.idahor@gmail.com','2026-06-16','2026-06-18','2026-05-30','2H2026','True', 'WO-90023',null, null,                                  false,false,true,'2026-02-01T00:00:00Z','2026-06-16T00:00:00Z'),
  ('44444444-0000-0000-0000-000000000020','11111111-0000-0000-0000-000000000003','FNB-NY02','Brooklyn Downtown',        '1 MetroTech Ctr',        'Brooklyn',       'NY','11201','1 - Eastern','staffed',            'C. Hammond','John Arende',  'John Arende',  '+12155550107','john.arende@gmail.com',  '2026-06-23','2026-06-24','2026-06-06','2H2026','True', null,      null, null,                                  false,false,true,'2026-02-01T00:00:00Z','2026-06-12T00:00:00Z'),
  ('44444444-0000-0000-0000-000000000021','11111111-0000-0000-0000-000000000003','FNB-NJ02','Newark Penn Plaza',        '1 Penn Plaza East',      'Newark',         'NJ','07105','1 - Eastern','scheduled',          'C. Hammond',null,           null,           null,         null,                     '2026-06-30','2026-07-01','2026-06-13','2H2026','True', null,      null, null,                                  false,false,true,'2026-02-01T00:00:00Z','2026-06-01T00:00:00Z'),
  ('44444444-0000-0000-0000-000000000022','11111111-0000-0000-0000-000000000003','FNB-RI01','Providence Downtown',      '1 Financial Plaza',      'Providence',     'RI','02903','1 - Eastern','scheduled',          'C. Hammond',null,           null,           null,         null,                     '2026-07-07','2026-07-08','2026-06-20','2H2026','False',null,      null, null,                                  false,false,true,'2026-02-01T00:00:00Z','2026-06-01T00:00:00Z'),
  ('44444444-0000-0000-0000-000000000023','11111111-0000-0000-0000-000000000003','FNB-NH01','Manchester Elm St',        '875 Elm St',             'Manchester',     'NH','03101','1 - Eastern','scheduled',          'C. Hammond',null,           null,           null,         null,                     '2026-07-14','2026-07-15','2026-06-27','2H2026','False',null,      null, null,                                  false,false,true,'2026-02-01T00:00:00Z','2026-06-01T00:00:00Z')
ON CONFLICT (id) DO NOTHING;

-- ── ALERT LOG ─────────────────────────────────────────────────────────────────
INSERT INTO alert_log (id, project_id, site_id, alert_type, status, title, detail, created_at, resolved_at, resolved_by) VALUES
  ('66666666-0000-0000-0000-000000000001','11111111-0000-0000-0000-000000000001','44444444-0000-0000-0000-000000000008','date_change',  'open',    'Date changed: FNB-NC01 — Charlotte Uptown',        '2026-07-07 → 2026-07-14 (Wk 27 → Wk 28)',    '2026-06-14T09:00:00Z',null,                  null),
  ('66666666-0000-0000-0000-000000000002','11111111-0000-0000-0000-000000000002','44444444-0000-0000-0000-000000000015','date_change',  'open',    'Date changed: FNB-SC01 — Charleston Market St',    '2026-07-14 → 2026-07-21 (Wk 28 → Wk 29)',    '2026-06-15T11:00:00Z',null,                  null),
  ('66666666-0000-0000-0000-000000000003','11111111-0000-0000-0000-000000000003','44444444-0000-0000-0000-000000000019','tech_change',  'open',    'Tech assigned: FNB-NY01 — New York Midtown',       'Assigned Nelson Idahor (+17185550105)',        '2026-06-12T14:00:00Z',null,                  null),
  ('66666666-0000-0000-0000-000000000004','11111111-0000-0000-0000-000000000002','44444444-0000-0000-0000-000000000011','status_change','open',    'Status change: FNB-IN01 — Indianapolis Meridian',  'staffed → in_progress',                       '2026-06-16T08:00:00Z',null,                  null),
  ('66666666-0000-0000-0000-000000000005','11111111-0000-0000-0000-000000000003','44444444-0000-0000-0000-000000000016','status_change','resolved','Status change: FNB-MA01 — Boston Financial Dist',  'in_progress → completed',                     '2026-05-06T16:00:00Z','2026-05-07T09:00:00Z','J. Pierce'),
  ('66666666-0000-0000-0000-000000000006','11111111-0000-0000-0000-000000000001',null,                                 'site_added',   'resolved','New site added: FNB-VA02 — McLean Tysons',         'Scheduled 2026-07-07',                        '2026-04-01T10:00:00Z','2026-04-01T11:00:00Z','A. Mitchell'),
  ('66666666-0000-0000-0000-000000000007','11111111-0000-0000-0000-000000000002','44444444-0000-0000-0000-000000000013','date_risk',    'open',    'Date risk: FNB-MI02 — Grand Rapids Downtown',      'Tech not yet assigned, start in 21 days',     '2026-06-16T07:00:00Z',null,                  null),
  ('66666666-0000-0000-0000-000000000008','11111111-0000-0000-0000-000000000003','44444444-0000-0000-0000-000000000021','date_risk',    'open',    'Date risk: FNB-NJ02 — Newark Penn Plaza',          'Tech not yet assigned, start in 14 days',     '2026-06-16T07:00:00Z',null,                  null),
  ('66666666-0000-0000-0000-000000000009','11111111-0000-0000-0000-000000000001','44444444-0000-0000-0000-000000000001','status_change','resolved','Status change: FNB-PA01 — Center City Philadelphia','in_progress → completed',                    '2026-03-05T15:00:00Z','2026-03-06T09:00:00Z','J. Pierce'),
  ('66666666-0000-0000-0000-000000000010','11111111-0000-0000-0000-000000000002','44444444-0000-0000-0000-000000000009','status_change','resolved','Status change: FNB-OH01 — Columbus Downtown',      'in_progress → completed',                     '2026-04-08T16:00:00Z','2026-04-09T08:00:00Z','A. Mitchell')
ON CONFLICT (id) DO NOTHING;

-- ── SITE WORK ORDERS ──────────────────────────────────────────────────────────
INSERT INTO site_work_orders (id, site_id, project_id, wo_type, wo_number, day_number, fn_wo_id, fn_status, fn_url, created_at, updated_at) VALUES
  ('77777777-0000-0000-0000-000000000001','44444444-0000-0000-0000-000000000001','11111111-0000-0000-0000-000000000001','LVT',1,1,'WO-90001','complete', 'https://app.fieldnation.com/work-orders/90001','2026-02-01T00:00:00Z','2026-03-05T00:00:00Z'),
  ('77777777-0000-0000-0000-000000000002','44444444-0000-0000-0000-000000000002','11111111-0000-0000-0000-000000000001','LVT',1,1,'WO-90002','complete', 'https://app.fieldnation.com/work-orders/90002','2026-02-01T00:00:00Z','2026-03-07T00:00:00Z'),
  ('77777777-0000-0000-0000-000000000003','44444444-0000-0000-0000-000000000003','11111111-0000-0000-0000-000000000001','LVT',1,1,'WO-90003','complete', 'https://app.fieldnation.com/work-orders/90003','2026-02-01T00:00:00Z','2026-03-11T00:00:00Z'),
  ('77777777-0000-0000-0000-000000000004','44444444-0000-0000-0000-000000000004','11111111-0000-0000-0000-000000000001','LVT',1,1,'WO-90004','assigned', 'https://app.fieldnation.com/work-orders/90004','2026-05-01T00:00:00Z','2026-06-16T00:00:00Z'),
  ('77777777-0000-0000-0000-000000000005','44444444-0000-0000-0000-000000000004','11111111-0000-0000-0000-000000000001','LVL',1,2,'WO-90005','assigned', 'https://app.fieldnation.com/work-orders/90005','2026-05-01T00:00:00Z','2026-06-16T00:00:00Z'),
  ('77777777-0000-0000-0000-000000000006','44444444-0000-0000-0000-000000000009','11111111-0000-0000-0000-000000000002','LVT',1,1,'WO-90010','complete', 'https://app.fieldnation.com/work-orders/90010','2026-03-01T00:00:00Z','2026-04-08T00:00:00Z'),
  ('77777777-0000-0000-0000-000000000007','44444444-0000-0000-0000-000000000010','11111111-0000-0000-0000-000000000002','LVT',1,1,'WO-90011','complete', 'https://app.fieldnation.com/work-orders/90011','2026-03-01T00:00:00Z','2026-04-10T00:00:00Z'),
  ('77777777-0000-0000-0000-000000000008','44444444-0000-0000-0000-000000000011','11111111-0000-0000-0000-000000000002','LVT',1,1,'WO-90012','assigned', 'https://app.fieldnation.com/work-orders/90012','2026-05-15T00:00:00Z','2026-06-16T00:00:00Z'),
  ('77777777-0000-0000-0000-000000000009','44444444-0000-0000-0000-000000000012','11111111-0000-0000-0000-000000000002','LVT',1,1,null,      'pending',  null,                                          '2026-06-01T00:00:00Z','2026-06-11T00:00:00Z'),
  ('77777777-0000-0000-0000-000000000010','44444444-0000-0000-0000-000000000016','11111111-0000-0000-0000-000000000003','LVT',1,1,'WO-90020','complete', 'https://app.fieldnation.com/work-orders/90020','2026-04-01T00:00:00Z','2026-05-06T00:00:00Z'),
  ('77777777-0000-0000-0000-000000000011','44444444-0000-0000-0000-000000000017','11111111-0000-0000-0000-000000000003','LVT',1,1,'WO-90021','complete', 'https://app.fieldnation.com/work-orders/90021','2026-04-01T00:00:00Z','2026-05-08T00:00:00Z'),
  ('77777777-0000-0000-0000-000000000012','44444444-0000-0000-0000-000000000018','11111111-0000-0000-0000-000000000003','INT',1,1,'WO-90022','complete', 'https://app.fieldnation.com/work-orders/90022','2026-04-01T00:00:00Z','2026-05-13T00:00:00Z'),
  ('77777777-0000-0000-0000-000000000013','44444444-0000-0000-0000-000000000019','11111111-0000-0000-0000-000000000003','LVT',1,1,'WO-90023','assigned', 'https://app.fieldnation.com/work-orders/90023','2026-06-01T00:00:00Z','2026-06-16T00:00:00Z'),
  ('77777777-0000-0000-0000-000000000014','44444444-0000-0000-0000-000000000019','11111111-0000-0000-0000-000000000003','LVL',1,2,'WO-90024','assigned', 'https://app.fieldnation.com/work-orders/90024','2026-06-01T00:00:00Z','2026-06-16T00:00:00Z'),
  ('77777777-0000-0000-0000-000000000015','44444444-0000-0000-0000-000000000020','11111111-0000-0000-0000-000000000003','LVT',1,1,null,      'pending',  null,                                          '2026-06-01T00:00:00Z','2026-06-12T00:00:00Z')
ON CONFLICT (id) DO NOTHING;

-- ── FN WORK HISTORY (TechAnalysis / FNExportAnalyzer) ─────────────────────────
INSERT INTO fn_work_history (id, fn_wo_id, provider_id, provider_name, provider_phone, wo_type, wo_category, status, site_name, site_city, site_state, total_pay, work_date, created_at, updated_at) VALUES
  ('88888888-0000-0000-0000-000000000001','WO-90001','FN-10001','Andy Ivor',    '215-555-0101','LVT','Network Infrastructure','complete', 'Center City Philadelphia','Philadelphia',   'PA',850, '2026-03-03','2026-03-05T00:00:00Z','2026-03-05T00:00:00Z'),
  ('88888888-0000-0000-0000-000000000002','WO-90002','FN-10001','Andy Ivor',    '215-555-0101','LVT','Network Infrastructure','complete', 'King of Prussia',          'King of Prussia','PA',820, '2026-03-06','2026-03-07T00:00:00Z','2026-03-07T00:00:00Z'),
  ('88888888-0000-0000-0000-000000000003','WO-90003','FN-10004','Habib Lawal',  '973-555-0104','LVT','Network Infrastructure','complete', 'Cherry Hill',              'Cherry Hill',    'NJ',790, '2026-03-10','2026-03-11T00:00:00Z','2026-03-11T00:00:00Z'),
  ('88888888-0000-0000-0000-000000000004','WO-90004','FN-10002','Fadi Bridi',   '202-555-0102','LVT','Network Infrastructure','assigned', 'Wilmington Downtown',      'Wilmington',     'DE',810, '2026-06-16','2026-06-01T00:00:00Z','2026-06-16T00:00:00Z'),
  ('88888888-0000-0000-0000-000000000005','WO-90010','FN-10011','Margo Maassen','260-555-0111','LVT','Network Infrastructure','complete', 'Columbus Downtown',        'Columbus',       'OH',780, '2026-04-07','2026-04-08T00:00:00Z','2026-04-08T00:00:00Z'),
  ('88888888-0000-0000-0000-000000000006','WO-90011','FN-10011','Margo Maassen','260-555-0111','LVT','Network Infrastructure','complete', 'Cleveland Lakeside',       'Cleveland',      'OH',800, '2026-04-09','2026-04-10T00:00:00Z','2026-04-10T00:00:00Z'),
  ('88888888-0000-0000-0000-000000000007','WO-90012','FN-10011','Margo Maassen','260-555-0111','LVT','Network Infrastructure','assigned', 'Indianapolis Meridian',    'Indianapolis',   'IN',810, '2026-06-16','2026-06-01T00:00:00Z','2026-06-16T00:00:00Z'),
  ('88888888-0000-0000-0000-000000000008','WO-90020','FN-10006','Akeem Operu',  '617-555-0106','LVT','Network Infrastructure','complete', 'Boston Financial District','Boston',         'MA',870, '2026-05-05','2026-05-06T00:00:00Z','2026-05-06T00:00:00Z'),
  ('88888888-0000-0000-0000-000000000009','WO-90021','FN-10006','Akeem Operu',  '617-555-0106','LVT','Network Infrastructure','complete', 'Cambridge Harvard Square', 'Cambridge',      'MA',840, '2026-05-07','2026-05-08T00:00:00Z','2026-05-08T00:00:00Z'),
  ('88888888-0000-0000-0000-000000000010','WO-90022','FN-10005','Nelson Idahor','718-555-0105','INT','Network Infrastructure','complete', 'Hartford City Center',     'Hartford',       'CT',760, '2026-05-12','2026-05-13T00:00:00Z','2026-05-13T00:00:00Z'),
  ('88888888-0000-0000-0000-000000000011','WO-90023','FN-10005','Nelson Idahor','718-555-0105','LVT','Network Infrastructure','assigned', 'New York Midtown',         'New York',       'NY',920, '2026-06-16','2026-06-01T00:00:00Z','2026-06-16T00:00:00Z'),
  ('88888888-0000-0000-0000-000000000012','WO-90024','FN-10005','Nelson Idahor','718-555-0105','LVL','Network Infrastructure','assigned', 'New York Midtown',         'New York',       'NY',480, '2026-06-17','2026-06-01T00:00:00Z','2026-06-16T00:00:00Z')
ON CONFLICT (id) DO NOTHING;

-- ── FN UPLOAD BATCHES ─────────────────────────────────────────────────────────
INSERT INTO fn_upload_batches (id, project_id, file_name, new_rows, skipped_rows, status, created_at, processed_at) VALUES
  ('99999999-0000-0000-0000-000000000001','11111111-0000-0000-0000-000000000001','FNB_Eastern_Export_20260101.csv',42,3,'processed','2026-01-15T10:00:00Z','2026-01-15T10:02:00Z'),
  ('99999999-0000-0000-0000-000000000002','11111111-0000-0000-0000-000000000002','FNB_Central_Export_20260201.csv',38,5,'processed','2026-02-10T14:00:00Z','2026-02-10T14:02:00Z'),
  ('99999999-0000-0000-0000-000000000003','11111111-0000-0000-0000-000000000003','FNB_Western_Export_20260501.csv',28,1,'processed','2026-05-20T09:00:00Z','2026-05-20T09:01:00Z')
ON CONFLICT (id) DO NOTHING;
